<?xml version="1.0" encoding="utf-8"?>
<PanelName>Nt36672c DSI</PanelName>
<PanelDescription>Nt36672c DSI Video Mode Cphy Panel (1080x2400 24bpp)</PanelDescription>
<Group id="Active Timing">
 <HorizontalActive>1080</HorizontalActive>
 <HorizontalFrontPorch>76</HorizontalFrontPorch>
 <HorizontalBackPorch>80</HorizontalBackPorch>
 <HorizontalSyncPulse>12</HorizontalSyncPulse>
 <HorizontalSyncSkew>0</HorizontalSyncSkew>
 <HorizontalLeftBorder>0</HorizontalLeftBorder>
 <HorizontalRightBorder>0</HorizontalRightBorder>
 <VerticalActive>2400</VerticalActive>
 <VerticalFrontPorch>54</VerticalFrontPorch>
 <VerticalBackPorch>10</VerticalBackPorch>
 <VerticalSyncPulse>10</VerticalSyncPulse>
 <VerticalSyncSkew>0</VerticalSyncSkew>
 <VerticalTopBorder>0</VerticalTopBorder>
 <VerticalBottomBorder>0</VerticalBottomBorder>
 <InvertDataPolarity>False</InvertDataPolarity>
 <InvertVsyncPolairty>False</InvertVsyncPolairty>
 <InvertHsyncPolarity>False</InvertHsyncPolarity>
 <BorderColor>0x0</BorderColor>
</Group>
<Group id="Display Interface">
 <InterfaceType>8</InterfaceType>
 <InterfaceColorFormat>3</InterfaceColorFormat>
</Group>
<Group id="DSI Interface">
 <DSIChannelId>1</DSIChannelId>
 <DSIVirtualId>0</DSIVirtualId>
 <DSIColorFormat>36</DSIColorFormat>
 <DSITrafficMode>1</DSITrafficMode>
 <DSICPhyMode>True</DSICPhyMode>
 <DSILanes>3</DSILanes>
   <DSIHsaHseAfterVsVe>False</DSIHsaHseAfterVsVe>
   <DSILowPowerModeInHFP>False</DSILowPowerModeInHFP>
   <DSILowPowerModeInHBP>False</DSILowPowerModeInHBP>
   <DSILowPowerModeInHSA>False</DSILowPowerModeInHSA>
   <DSILowPowerModeInBLLPEOF>True</DSILowPowerModeInBLLPEOF>
   <DSILowPowerModeInBLLP>True</DSILowPowerModeInBLLP>
   <DSIRefreshRate>0x5A0000</DSIRefreshRate>
 <DSIControllerMapping>
  00
 </DSIControllerMapping>
</Group>
<DSIInitSequence>
  39 FF 10
  39 FB 01
  39 B0 00
  39 C0 00
  39 C2 1B A0
  39 FF 20
  39 FB 01
  39 01 66
  39 06 40
  39 07 38
  39 18 66
  39 1B 01
  39 5C 90
  39 5E AA
  39 69 91
  39 89 15
  39 8A 15
  39 8D 15
  39 8E 15
  39 8F 15
  39 91 15
  39 95 D1
  39 96 D1
  39 F2 65
  39 F3 64
  39 F4 65
  39 F5 64
  39 F6 65
  39 F7 64
  39 F8 65
  39 F9 64
  39 FF 24
  39 FB 01
  39 01 0F
  39 03 0C
  39 05 1D
  39 08 2F
  39 09 2E
  39 0A 2D
  39 0B 2C
  39 11 17
  39 12 13
  39 13 15
  39 15 14
  39 16 16
  39 17 18
  39 1B 01
  39 1D 1D
  39 20 2F
  39 21 2E
  39 22 2D
  39 23 2C
  39 29 17
  39 2A 13
  39 2B 15
  39 2F 14
  39 30 16
  39 31 18
  39 32 04
  39 34 10
  39 35 1F
  39 36 1F
  39 4D 19
  39 4E 45
  39 4F 45
  39 53 45
  39 71 30
  39 79 11
  39 7A 82
  39 7B 94
  39 7D 04
  39 80 04
  39 81 04
  39 82 13
  39 84 31
  39 85 00
  39 86 00
  39 87 00
  39 90 13
  39 92 31
  39 93 00
  39 94 00
  39 95 00
  39 9C F4
  39 9D 01
  39 A0 14
  39 A2 14
  39 A3 02
  39 A4 04
  39 A5 04
  39 C4 40
  39 C6 C0
  39 C9 00
  39 D9 80
  39 E9 02
  39 FF 25
  39 FB 01
  39 0F 1B
  39 19 E4
  39 21 40
  39 66 D8
  39 68 50
  39 69 10
  39 6B 00
  39 6D 0D
  39 6E 48
  39 72 41
  39 73 4A
  39 74 D0
  39 77 62
  39 79 7F
  39 7D 40
  39 7F 00
  39 80 04
  39 84 0D
  39 CF 80
  39 D6 80
  39 D7 80
  39 EF 20
  39 F0 84
  39 FF 26
  39 FB 01
  39 15 04
  39 81 14
  39 83 02
  39 84 03
  39 85 01
  39 86 03
  39 87 01
  39 88 06
  39 8A 1A
  39 8B 11
  39 8C 24
  39 8E 42
  39 8F 11
  39 90 11
  39 91 11
  39 9A 81
  39 9B 03
  39 9C 00
  39 9D 00
  39 9E 00
  39 FF 27
  39 FB 01
  39 01 60
  39 20 81
  39 21 EA
  39 25 82
  39 26 1F
  39 6E 00
  39 6F 00
  39 70 00
  39 71 00
  39 72 00
  39 75 00
  39 76 00
  39 77 00
  39 7D 09
  39 7E 5F
  39 80 23
  39 82 09
  39 83 5F
  39 88 01
  39 89 10
  39 A5 10
  39 A6 23
  39 A7 01
  39 B6 40
  39 E3 02
  39 E4 E0
  39 E5 01
  39 E6 70
  39 E9 03
  39 EA 2F
  39 EB 01
  39 EC 98
  39 FF 2A
  39 FB 01
  39 00 91
  39 03 20
  39 07 5A
  39 0A 70
  39 0D 40
  39 0E 02
  39 11 F0
  39 15 0F
  39 16 65
  39 19 0F
  39 1A 39
  39 1B 14
  39 1D 36
  39 1E 4F
  39 1F 4F
  39 20 4F
  39 28 E4
  39 29 17
  39 2A F5
  39 2D 06
  39 2F 04
  39 30 54
  39 33 04
  39 34 E6
  39 35 32
  39 36 02
  39 37 E1
  39 38 36
  39 39 FE
  39 3A 14
  39 46 40
  39 47 02
  39 4A F0
  39 4E 0F
  39 4F 65
  39 52 0F
  39 53 39
  39 54 14
  39 56 36
  39 57 7E
  39 58 7E
  39 59 7E
  39 60 80
  39 61 C9
  39 62 03
  39 63 FB
  39 64 03
  39 65 05
  39 66 01
  39 67 04
  39 68 91
  39 6A 19
  39 6B CB
  39 6C 20
  39 6D E5
  39 6E C8
  39 6F 22
  39 70 E3
  39 71 04
  39 7A 07
  39 7B 40
  39 7D 01
  39 7F 2C
  39 83 0F
  39 84 65
  39 87 0F
  39 88 39
  39 89 14
  39 8B 36
  39 8C 39
  39 8D 39
  39 8E 39
  39 95 80
  39 96 FD
  39 97 14
  39 98 B3
  39 99 01
  39 9A 08
  39 9B 02
  39 9C 4C
  39 9D BC
  39 9F AC
  39 A0 FF
  39 A2 44
  39 A3 78
  39 A4 F8
  39 A5 4A
  39 A6 72
  39 A7 4C
  39 FF 2C
  39 FB 01
  39 00 02
  39 01 02
  39 02 02
  39 03 16
  39 04 16
  39 05 16
  39 0D 1F
  39 0E 1F
  39 16 1B
  39 17 4B
  39 18 4B
  39 19 4B
  39 2A 03
  39 4D 16
  39 4E 02
  39 4F 2F
  39 53 02
  39 54 02
  39 55 02
  39 56 0E
  39 58 0E
  39 59 0E
  39 61 1F
  39 62 1F
  39 6A 14
  39 6B 34
  39 6C 34
  39 6D 34
  39 7E 03
  39 9D 0E
  39 9E 02
  39 9F 02
  39 FF E0
  39 FB 01
  39 ff 20
  39 fb 01
  39 b0 00 00 00 15 00 3F 00 5F 00 7E 00 97 00 AF 00 c3
  39 b1 00 d7 01 0A 01 32 01 6F 01 9E 01 E5 02 1d 02 1e
  39 b2 02 56 02 94 02 BC 02 F1 03 13 03 41 03 4F 03 5F
  39 b3 03 71 03 84 03 99 03 B0 03 CA 03 D7 00 00
  39 b4 00 00 00 17 00 46 00 69 00 8C 00 a5 00 bE 00 d1
  39 b5 00 e4 01 18 01 40 01 7C 01 AA 01 f0 02 27 02 28
  39 b6 02 5E 02 9B 02 C3 02 F6 03 18 03 45 03 54 03 63
  39 b7 03 75 03 87 03 9C 03 B2 03 CA 03 D7 00 00
  39 b8 00 00 00 18 00 49 00 6B 00 8E 00 a8 00 C1 00 d3
  39 b9 00 e5 01 18 01 3F 01 7B 01 a8 01 EC 02 24 02 26
  39 ba 02 5A 02 97 02 c0 02 F4 03 15 03 43 03 51 03 61
  39 bb 03 72 03 85 03 9A 03 B1 03 CA 03 D7 00 00
  39 C6 00
  39 C7 00
  39 C8 00
  39 C9 00
  39 CA 00
  39 CB 00
  39 CC 00
  39 CD 00
  39 CE 00
  39 CF 00
  39 D0 00
  39 D1 00
  39 D2 00
  39 D3 00
  39 D4 00
  39 D5 00
  39 D6 00
  39 D7 00
  39 D8 00
  39 D9 00
  39 DA 00
  39 DB 00
  39 DC 00
  39 DD 00
  39 DE 00
  39 DF 00
  39 E0 00
  39 E1 00
  39 E2 00
  39 E3 00
  39 E4 00
  39 E5 00
  39 E6 00
  39 E7 00
  39 E8 00
  39 E9 00
  39 ff 21
  39 fb 01
  39 b0 00 00 00 15 00 3F 00 5F 00 7E 00 97 00 AF 00 c3
  39 b1 00 d7 01 0A 01 32 01 6F 01 9E 01 E5 02 1d 02 1e
  39 b2 02 56 02 94 02 BC 02 F1 03 13 03 41 03 4F 03 5F
  39 b3 03 71 03 84 03 99 03 B0 03 CA 03 D7 00 00
  39 b4 00 00 00 17 00 46 00 69 00 8C 00 a5 00 bE 00 d1
  39 b5 00 e4 01 18 01 40 01 7C 01 AA 01 f0 02 27 02 28
  39 b6 02 5E 02 9B 02 C3 02 F6 03 18 03 45 03 54 03 63
  39 b7 03 75 03 87 03 9C 03 B2 03 CA 03 D7 00 00
  39 b8 00 00 00 18 00 49 00 6B 00 8E 00 a8 00 C1 00 d3
  39 b9 00 e5 01 18 01 3F 01 7B 01 a8 01 EC 02 24 02 26
  39 ba 02 5A 02 97 02 c0 02 F4 03 15 03 43 03 51 03 61
  39 bb 03 72 03 85 03 9A 03 B1 03 CA 03 D7 00 00
  39 FF 10
  39 FB 01
  39 B0 00
  39 C0 00
  39 FF F0
  39 FB 01
  39 1C 01
  39 33 01
  39 5A 00
  39 D2 52
  39 FF D0
  39 FB 01
  39 53 22
  39 54 02
  39 FF C0
  39 FB 01
  39 9C 11
  39 9D 11
  39 FF 2B
  39 FB 01
  39 B7 0A
  39 B8 1C
  39 C0 01
  39 FF 10
  39 35 01
  39 51 FF
  39 53 0C
  39 55 00
  05 11
  ff C8
  05 29
  ff 96
</DSIInitSequence>
<DSITermSequence>
 05 28
 ff 14
 05 10
 ff 78
</DSITermSequence>
<Group id='Backlight Configuration'>
 <BacklightType>1</BacklightType>
 <BacklightPmicControlType>3</BacklightPmicControlType>
 <DisplayResetInfo>0 10 1000 10000 0</DisplayResetInfo>
</Group>
