<?xml version="1.0" encoding="utf-8"?>
<PanelDescription>Secondary Sim Video Panel (1080x2520 24bpp)</PanelDescription>
<Group id="Active Timing">
 <HorizontalActive>1080</HorizontalActive>
 <HorizontalFrontPorch>28</HorizontalFrontPorch>
 <HorizontalBackPorch>36</HorizontalBackPorch>
 <HorizontalSyncPulse>4</HorizontalSyncPulse>
 <HorizontalSyncSkew>0</HorizontalSyncSkew>
 <HorizontalLeftBorder>0</HorizontalLeftBorder>
 <HorizontalRightBorder>0</HorizontalRightBorder>
 <VerticalActive>2520</VerticalActive>
 <VerticalFrontPorch>16</VerticalFrontPorch>
 <VerticalBackPorch>20</VerticalBackPorch>
 <VerticalSyncPulse>4</VerticalSyncPulse>
 <VerticalSyncSkew>0</VerticalSyncSkew>
 <VerticalTopBorder>0</VerticalTopBorder>
 <VerticalBottomBorder>0</VerticalBottomBorder>
 <InvertDataPolarity>False</InvertDataPolarity>
 <InvertVsyncPolairty>False</InvertVsyncPolairty>
 <InvertHsyncPolarity>False</InvertHsyncPolarity>
 <BorderColor>0x0</BorderColor>
</Group>
<Group id="Display Interface">
 <InterfaceType>10</InterfaceType>
 <InterfaceColorFormat>3</InterfaceColorFormat>
</Group>
<Group id="DSI Interface">
 <DSIChannelId>1</DSIChannelId>
 <DSIVirtualId>0</DSIVirtualId>
 <DSIColorFormat>36</DSIColorFormat>
 <DSITrafficMode>1</DSITrafficMode>
 <DSILanes>4</DSILanes>
 <DSIRefreshRate>0x3C0000</DSIRefreshRate>
 <DSICmdSwapInterface>False</DSICmdSwapInterface>
 <DSICmdUsingTrigger>False</DSICmdUsingTrigger>
 <DSIControllerMapping>
  01
 </DSIControllerMapping>
</Group>
<DSIInitSequence>
 05 11
 FF 78
 05 29
 FF 28
</DSIInitSequence>
<DSITermSequence>
 05 28
 05 10
</DSITermSequence>
<Group id='Backlight Configuration'>
 <BacklightType>3</BacklightType>
 <BacklightPmicControlType>2</BacklightPmicControlType>
 <BacklightBitWidth>11</BacklightBitWidth>
 <BacklightDefault>15</BacklightDefault>
 <DisplayResetInfo>0 1000 1000 10000 0</DisplayResetInfo>
</Group>
