<?xml version="1.0" encoding="utf-8"?>
<PanelName>NT35695b</PanelName>
<PanelDescription>Truly FHD Command Mode Panel (1080x1920 24bpp)</PanelDescription>
<Group id="Active Timing">
 <HorizontalActive>1080</HorizontalActive>
 <HorizontalFrontPorch>120</HorizontalFrontPorch>
 <HorizontalBackPorch>60</HorizontalBackPorch>
 <HorizontalSyncPulse>12</HorizontalSyncPulse>
 <HorizontalSyncSkew>0</HorizontalSyncSkew>
 <HorizontalLeftBorder>0</HorizontalLeftBorder>
 <HorizontalRightBorder>0</HorizontalRightBorder>
 <VerticalActive>1920</VerticalActive>
 <VerticalFrontPorch>12</VerticalFrontPorch>
 <VerticalBackPorch>2</VerticalBackPorch>
 <VerticalSyncPulse>2</VerticalSyncPulse>
 <VerticalSyncSkew>0</VerticalSyncSkew>
 <VerticalTopBorder>0</VerticalTopBorder>
 <VerticalBottomBorder>0</VerticalBottomBorder>
 <InvertDataPolarity>False</InvertDataPolarity>
 <InvertVsyncPolairty>False</InvertVsyncPolairty>
 <InvertHsyncPolarity>False</InvertHsyncPolarity>
 <BorderColor>0x0</BorderColor>
</Group>
<Group id="Display Interface">
 <InterfaceType>11</InterfaceType>
 <InterfaceColorFormat>3</InterfaceColorFormat>
</Group>
<Group id="DSI Interface">
 <DSIChannelId>2</DSIChannelId>
 <DSIVirtualId>0</DSIVirtualId>
 <DSIColorFormat>36</DSIColorFormat>
 <DSITrafficMode>1</DSITrafficMode>
 <DSILanes>4</DSILanes>
 <DSIRefreshRate>0x3C0000</DSIRefreshRate>
 <DSICmdSwapInterface>False</DSICmdSwapInterface>
 <DSICmdUsingTrigger>False</DSICmdUsingTrigger>
 <DSIEnableAutoRefresh>True</DSIEnableAutoRefresh>
 <DSIAutoRefreshFrameNumDiv>2</DSIAutoRefreshFrameNumDiv>
 <DSITECheckEnable>True</DSITECheckEnable>
 <DSITEUsingDedicatedTEPin>True</DSITEUsingDedicatedTEPin>
 <DSITEvSyncStartPos>1920</DSITEvSyncStartPos>
 <DSITEvSyncInitVal>1920</DSITEvSyncInitVal>
 <DSITEvSyncSelect>1</DSITEvSyncSelect>
 <DSIControllerMapping>
  01
 </DSIControllerMapping>
</Group>
<DSIInitSequence>
 15 FF 20
 15 FB 01
 15 00 01
 15 01 55
 15 02 45
 15 03 55
 15 05 50
 15 06 A8
 15 07 AD
 15 08 0C
 15 0B AA
 15 0C AA
 15 0E B0
 15 0F B3
 15 11 28
 15 12 10
 15 13 01
 15 14 4A
 15 15 12
 15 16 12
 15 30 01
 15 72 11
 15 58 82
 15 59 00
 15 5A 02
 15 5B 00
 15 5C 82
 15 5D 80
 15 5E 02
 15 5F 00
 15 FF 24
 15 FB 01
 15 00 01
 15 01 0B
 15 02 0C
 15 03 89
 15 04 8A
 15 05 0F
 15 06 10
 15 07 10
 15 08 1C
 15 09 00
 15 0A 00
 15 0B 00
 15 0C 00
 15 0D 13
 15 0E 15
 15 0F 17
 15 10 01
 15 11 0B
 15 12 0C
 15 13 89
 15 14 8A
 15 15 0F
 15 16 10
 15 17 10
 15 18 1C
 15 19 00
 15 1A 00
 15 1B 00
 15 1C 00
 15 1D 13
 15 1E 15
 15 1F 17
 15 20 00
 15 21 01
 15 22 00
 15 23 40
 15 24 40
 15 25 6D
 15 26 40
 15 27 40
 15 29 D8
 15 2A 2A
 15 4B 03
 15 4C 11
 15 4D 10
 15 4E 01
 15 4F 01
 15 50 10
 15 51 00
 15 52 80
 15 53 00
 15 54 07
 15 55 25
 15 56 00
 15 58 07
 15 5B 43
 15 5C 00
 15 5F 73
 15 60 73
 15 63 22
 15 64 00
 15 67 08
 15 68 04
 15 7A 80
 15 7B 91
 15 7C d8
 15 7D 60
 15 93 06
 15 94 06
 15 8A 00
 15 9B 0F
 15 B3 C0
 15 B4 00
 15 B5 00
 15 B6 21
 15 B7 22
 15 B8 07
 15 B9 07
 15 Ba 22
 15 Bd 20
 15 Be 07
 15 Bf 07
 15 C1 6D
 15 C4 24
 15 E3 00
 15 EC 00
 15 FF 10
 15 BB 10
 15 35 00
 05 11 00
 FF 78
 05 29 00
 FF 78
</DSIInitSequence>
<DSITermSequence>
 05 28
 05 10
</DSITermSequence>
<Group id='Backlight Configuration'>
 <BacklightType>3</BacklightType>
 <DisplayResetInfo>0 10 1000 10000 0</DisplayResetInfo>
</Group>
