<?xml version=\"1.0\" encoding=\"utf-8\"?>
<PanelDescription>l10 42 02 0a Single DSI Cmd Mode AMOLED Panel with DSC (1080x2400 24bpp)</PanelDescription>
<Group id=\"Active Timing\">
 <HorizontalActive>1080</HorizontalActive>
 <HorizontalFrontPorch>16</HorizontalFrontPorch>
 <HorizontalBackPorch>16</HorizontalBackPorch>
 <HorizontalSyncPulse>16</HorizontalSyncPulse>
 <HorizontalSyncSkew>0</HorizontalSyncSkew>
 <HorizontalLeftBorder>0</HorizontalLeftBorder>
 <HorizontalRightBorder>0</HorizontalRightBorder>
 <VerticalActive>2400</VerticalActive>
 <VerticalFrontPorch>1226</VerticalFrontPorch>
 <VerticalBackPorch>8</VerticalBackPorch>
 <VerticalSyncPulse>4</VerticalSyncPulse>
 <VerticalSyncSkew>0</VerticalSyncSkew>
 <VerticalTopBorder>0</VerticalTopBorder>
 <VerticalBottomBorder>0</VerticalBottomBorder>
 <InvertDataPolarity>False</InvertDataPolarity>
 <InvertVsyncPolairty>False</InvertVsyncPolairty>
 <InvertHsyncPolarity>False</InvertHsyncPolarity>
 <BorderColor>0x0</BorderColor>
</Group>
<Group id="Display Interface">
 <InterfaceType>9</InterfaceType>
 <InterfaceColorFormat>3</InterfaceColorFormat>
</Group>
<Group id="DSI Interface">
 <DSIChannelId>2</DSIChannelId>
 <DSIVirtualId>0</DSIVirtualId>
 <DSIFlags>0x8</DSIFlags>
 <DSIColorFormat>36</DSIColorFormat>
 <DSITrafficMode>1</DSITrafficMode>
 <DSILanes>4</DSILanes>
 <DSIRefreshRate>0x3C0000</DSIRefreshRate>
 <DSIDSCEnable>True</DSIDSCEnable>
 <DSIDSCMajor>1</DSIDSCMajor>
 <DSIDSCMinor>1</DSIDSCMinor>
 <DSIDSCScr>0</DSIDSCScr>
 <DSIDSCProfileID>8</DSIDSCProfileID>
 <DSIDSCSliceWidth>1080</DSIDSCSliceWidth>
 <DSIDSCSliceHeight>12</DSIDSCSliceHeight>
 <DSIBitClockFrequency>1100000000</DSIBitClockFrequency>
 <DSILP11AtInit>True</DSILP11AtInit>
 <DSICmdSwapInterface>False</DSICmdSwapInterface>
 <DSICmdUsingTrigger>False</DSICmdUsingTrigger>
 <DSIEnableAutoRefresh>True</DSIEnableAutoRefresh>
 <DSIAutoRefreshFrameNumDiv>60</DSIAutoRefreshFrameNumDiv>
 <DSITECheckEnable>True</DSITECheckEnable>
 <DSITEUsingDedicatedTEPin>True</DSITEUsingDedicatedTEPin>
 <DSITEvSyncStartPos>2400</DSITEvSyncStartPos>
 <DSITEvSyncInitVal>2400</DSITEvSyncInitVal>
 <DSIControllerMapping>
  00
 </DSIControllerMapping>
</Group>
<DSIInitSequence>
 39 F0 55 AA 52 08 00
 15 6F 01
 15 C0 B3
 39 FF AA 55 A5 80
 15 6F 2E
 15 FB D1
 39 FF AA 55 A5 80
 15 6F 61
 15 F3 80
 15 90 01
 39 91 AB 28 00 0C C2 00 03 1C 01 7E 00 0F 08 BB 04 3D 10 F0
 15 03 01
 15 2C 00
 15 35 00
 15 53 20
 39 51 07 FF 0F FF
 39 2A 00 00 04 37
 39 2B 00 00 09 5F
 15 2F 01
 15 26 01
 39 F0 55 AA 52 08 01
 39 C3 9B 01 94 D0 22 02 00
 39 F0 55 AA 52 08 00
 39 6F 05
 39 BE 08
 39 3B 00 14 00 1C
 39 F0 55 AA 52 08 07
 39 C0 05 02
 39 F0 55 AA 52 08 00
 39 BA 01 B1
 39 6F 08
 39 BA 01 B1
 39 BB 01 B1
 05 11 00
 FF 50
 05 29 00
</DSIInitSequence>
<DSITermSequence>
 05 28
 FF 14
 05 10
 FF 50
</DSITermSequence>
<Group id='Backlight Configuration'>
 <BacklightType>3</BacklightType>
 <BacklightPmicControlType>2</BacklightPmicControlType>
 <BacklightBitWidth>11</BacklightBitWidth>
 <BacklightDefault>15</BacklightDefault>
 <DisplayResetInfo>5 2000 2000 10000 0</DisplayResetInfo>
</Group>
