<?xml version=\"1.0\" encoding=\"utf-8\"?>
<PanelDescription>l3 42 02 0a Single DSI Cmd Mode AMOLED Panel with DSC (1080x2400 24bpp)</PanelDescription>
<Group id=\"Active Timing\">
 <HorizontalActive>1080</HorizontalActive>
 <HorizontalFrontPorch>32</HorizontalFrontPorch>
 <HorizontalBackPorch>32</HorizontalBackPorch>
 <HorizontalSyncPulse>16</HorizontalSyncPulse>
 <HorizontalSyncSkew>0</HorizontalSyncSkew>
 <HorizontalLeftBorder>0</HorizontalLeftBorder>
 <HorizontalRightBorder>0</HorizontalRightBorder>
 <VerticalActive>2400</VerticalActive>
 <VerticalFrontPorch>64</VerticalFrontPorch>
 <VerticalBackPorch>32</VerticalBackPorch>
 <VerticalSyncPulse>16</VerticalSyncPulse>
 <VerticalSyncSkew>0</VerticalSyncSkew>
 <VerticalTopBorder>0</VerticalTopBorder>
 <VerticalBottomBorder>0</VerticalBottomBorder>
 <InvertDataPolarity>False</InvertDataPolarity>
 <InvertVsyncPolairty>False</InvertVsyncPolairty>
 <InvertHsyncPolarity>False</InvertHsyncPolarity>
 <BorderColor>0x0</BorderColor>
</Group>
<Group id="Display Interface">
 <InterfaceType>9</InterfaceType>
 <InterfaceColorFormat>3</InterfaceColorFormat>
</Group>
<Group id="DSI Interface">
 <DSIChannelId>2</DSIChannelId>
 <DSIVirtualId>0</DSIVirtualId>
 <DSIFlags>0x8</DSIFlags>
 <DSIColorFormat>36</DSIColorFormat>
 <DSITrafficMode>1</DSITrafficMode>
 <DSILanes>4</DSILanes>
 <DSIRefreshRate>0x3C0000</DSIRefreshRate>
 <DSIDSCEnable>True</DSIDSCEnable>
 <DSIDSCMajor>1</DSIDSCMajor>
 <DSIDSCMinor>1</DSIDSCMinor>
 <DSIDSCScr>0</DSIDSCScr>
 <DSIDSCProfileID>8</DSIDSCProfileID>
 <DSIDSCSliceWidth>1080</DSIDSCSliceWidth>
 <DSIDSCSliceHeight>12</DSIDSCSliceHeight>
 <DSIBitClockFrequency>832000000</DSIBitClockFrequency>
 <DSILP11AtInit>True</DSILP11AtInit>
 <DSICmdSwapInterface>False</DSICmdSwapInterface>
 <DSICmdUsingTrigger>False</DSICmdUsingTrigger>
 <DSIEnableAutoRefresh>True</DSIEnableAutoRefresh>
 <DSIAutoRefreshFrameNumDiv>60</DSIAutoRefreshFrameNumDiv>
 <DSITECheckEnable>True</DSITECheckEnable>
 <DSITEUsingDedicatedTEPin>True</DSITEUsingDedicatedTEPin>
 <DSITEvSyncStartPos>2400</DSITEvSyncStartPos>
 <DSITEvSyncInitVal>2400</DSITEvSyncInitVal>
 <DSIControllerMapping>
  00
 </DSIControllerMapping>
</Group>
<DSIInitSequence>
 15 90 01
 39 91 AB 28 00 0C C2 00 03 1C 01 7E 00 0F 08 BB 04 3D 10 F0
 15 03 01
 15 2C 00
 15 35 00
 15 53 20
 39 51 00 00 00 00
 39 2A 00 00 04 37
 39 2B 00 00 09 5F
 15 2F 01
 15 26 01
 39 F0 55 AA 52 08 01
 39 C3 94 01 8C D0 22 02 00
 15 6F 01
 39 D2 00 00 11
 15 6F 06
 15 D2 05
 15 6F 0F
 15 D2 00
 15 6F 09
 39 D2 00 00
 15 CE 00
 39 FF AA 55 A5 80
 15 6F 61
 15 F3 80
 39 F0 55 AA 52 08 00
 15 C0 46
 15 6F 0B
 39 B5 23 2B
 15 6F 29
 15 D9 00
 15 6F 01
 15 D9 80
 15 6F 07
 39 B2 07 FF
 15 6F 17
 39 B2 07 FF
 15 6F 1F
 39 B2 00 50
 39 F0 55 AA 52 08 07
 39 C9 21 00 27 D9 27 D9 00 00 3F E0 8E C6 3F E0 8E C6 80 06 33 D5 F1 00 16 13 00 7B 78 33 D0 27 D9 0F 9B 9B 00 00 00 00 00 00 00 00 00
 39 CA 27 00 27 D9 27 D9 00 00 00 00 00 00 3F E0 8E C6 80 00 00 00 00 00 7C 13 00 E1 78 33 D0 00 00 03 65 9B 00 00 00 00 00 00 00 00 00
 39 CB 2D 00 27 D9 27 D9 00 00 3F E0 8E C6 80 00 00 00 00 00 00 00 00 00 16 79 00 7B DE 33 70 00 00 0C 9B 65 00 00 00 00 00 00 00 00 00
 39 CC 2B 00 27 D9 27 D9 00 00 00 00 00 00 80 00 00 00 7F F9 CC 2A 0F 00 7C 79 00 E1 DE 33 7F D8 27 00 65 65 00 00 00 00 00 00 00 00 00
 39 C1 00
 39 C2 00
 39 C3 00
 39 C4 00
 39 C5 00
 39 C6 00
 39 C7 00
 39 C8 00
 39 CD 00
 39 CE 00
 39 CF 00
 39 D0 00
 39 C0 05 02
 39 F0 55 AA 52 08 00
 39 6F 05
 39 BE 0A
 39 F0 55 AA 52 08 00
 39 6F 01
 39 C0 B3
 39 FF AA 55 A5 80
 39 6F 2E
 39 FB D1
 05 11
 FF 50
 05 29
</DSIInitSequence>
<DSITermSequence>
 05 28
 FF 14
 05 10
 FF 50
</DSITermSequence>
<Group id='Backlight Configuration'>
 <BacklightType>3</BacklightType>
 <BacklightPmicControlType>2</BacklightPmicControlType>
 <BacklightBitWidth>11</BacklightBitWidth>
 <BacklightDefault>15</BacklightDefault>
 <DisplayResetInfo>0 2000 2000 10000 0</DisplayResetInfo>
</Group>
