<?xml version="1.0" encoding="utf-8"?>
<PanelName>SN65DSIx6</PanelName>
<PanelDescription>SN65DSIx6 Dual DSI to eDP (2880x1920 24bpp)</PanelDescription>
<Group id="Active Timing">
 <HorizontalActive>2880</HorizontalActive>
 <HorizontalFrontPorch>48</HorizontalFrontPorch>
 <HorizontalBackPorch>80</HorizontalBackPorch>
 <HorizontalSyncPulse>32</HorizontalSyncPulse>
 <HorizontalSyncSkew>0</HorizontalSyncSkew>
 <HorizontalLeftBorder>0</HorizontalLeftBorder>
 <HorizontalRightBorder>0</HorizontalRightBorder>
 <VerticalActive>1920</VerticalActive>
 <VerticalFrontPorch>8</VerticalFrontPorch>
 <VerticalBackPorch>8</VerticalBackPorch>
 <VerticalSyncPulse>4</VerticalSyncPulse>
 <VerticalSyncSkew>0</VerticalSyncSkew>
 <VerticalTopBorder>0</VerticalTopBorder>
 <VerticalBottomBorder>0</VerticalBottomBorder>
 <InvertDataPolarity>False</InvertDataPolarity>
 <InvertVsyncPolairty>False</InvertVsyncPolairty>
 <InvertHsyncPolarity>False</InvertHsyncPolarity>
 <BorderColor>0x0</BorderColor>
</Group>
<Group id="Display Interface">
 <InterfaceType>8</InterfaceType>
 <InterfaceColorFormat>3</InterfaceColorFormat>
</Group>
<Group id="DSI Interface">
 <DSIChannelId>1</DSIChannelId>
 <DSIVirtualId>0</DSIVirtualId>
 <DSIColorFormat>36</DSIColorFormat>
 <DSITrafficMode>1</DSITrafficMode>
 <DSILanes>4</DSILanes>
 <DSILP11AtInit>True</DSILP11AtInit>
 <DSILowPowerModeInBLLPEOF units='Bool'>True</DSILowPowerModeInBLLPEOF>
 <DSILowPowerModeInBLLP units='Bool'>True</DSILowPowerModeInBLLP>
 <DSIRefreshRate>0x3C0000</DSIRefreshRate>
 <DSICmdSwapInterface>False</DSICmdSwapInterface>
 <DSICmdUsingTrigger>False</DSICmdUsingTrigger>
 <DSIInitMasterTime>30</DSIInitMasterTime>
 <DSIControllerMapping>
  00 01
 </DSIControllerMapping>
 </Group>
<Group id="I2C Interface">
 <DSII2CSlaveAddressList>
  2C 00
 </DSII2CSlaveAddressList>
 <DSII2CI2CNumOfSlaves>1</DSII2CI2CNumOfSlaves>
 <DSII2CGSBIPort>11</DSII2CGSBIPort>
 <DSII2COffsetLength>1</DSII2COffsetLength>
</Group>
<DSIInitSequence>
 23 0A 02
 23 FF 07
 23 16 01
 23 FF 00
 23 10 80
 23 12 6A
 23 13 6A
 23 5A 04
 23 5C 01
 23 94 80
 23 0D 01
 FF 0A
 23 95 00
 FF 0A
 23 96 02
 23 93 34
 23 96 0A
 FF ff
 23 20 A0
 23 21 05
 23 22 A0
 23 23 05
 23 24 80
 23 25 07
 23 2C 20
 23 2D 00
 23 30 04
 23 31 80
 23 34 50
 23 36 08
 23 38 30
 23 3A 08
 23 5B 00
 23 3C 00
 23 5A 0C
 23 5E 04
 23 5F 80
 23 A0 4B
 23 A1 FF
 23 A2 00
 23 A3 00
 23 A4 00
 23 A5 02
</DSIInitSequence>
<DSITermSequence>
 05 28
 05 10
</DSITermSequence>
<Group id='Backlight Configuration'>
 <BacklightType>2</BacklightType>
 <BacklightDefault>35</BacklightDefault>
</Group>
