<?xml version="1.0" encoding="utf-8"?>
<PanelDescription>Samsung MG1 Amoled wqxa dual DSI Command Mode Panel (1440x2560 24bpp)</PanelDescription>
<Group id="Active Timing">
 <HorizontalActive>1440</HorizontalActive>
 <HorizontalFrontPorch>0</HorizontalFrontPorch>
 <HorizontalBackPorch>0</HorizontalBackPorch>
 <HorizontalSyncPulse>0</HorizontalSyncPulse>
 <HorizontalSyncSkew>0</HorizontalSyncSkew>
 <HorizontalLeftBorder>0</HorizontalLeftBorder>
 <HorizontalRightBorder>0</HorizontalRightBorder>
 <VerticalActive>2560</VerticalActive>
 <VerticalFrontPorch>0</VerticalFrontPorch>
 <VerticalBackPorch>0</VerticalBackPorch>
 <VerticalSyncPulse>0</VerticalSyncPulse>
 <VerticalSyncSkew>0</VerticalSyncSkew>
 <VerticalTopBorder>0</VerticalTopBorder>
 <VerticalBottomBorder>0</VerticalBottomBorder>
 <InvertDataPolarity>False</InvertDataPolarity>
 <InvertVsyncPolairty>False</InvertVsyncPolairty>
 <InvertHsyncPolarity>False</InvertHsyncPolarity>
 <BorderColor>0x0</BorderColor>
</Group>
<Group id="Display Interface">
 <InterfaceType>9</InterfaceType>
 <InterfaceColorFormat>3</InterfaceColorFormat>
</Group>
<Group id="DSI Interface">
 <DSIChannelId>2</DSIChannelId>
 <DSIVirtualId>0</DSIVirtualId>
 <DSIColorFormat>36</DSIColorFormat>
 <DSITrafficMode>1</DSITrafficMode>
 <DSILanes>4</DSILanes>
 <DSIRefreshRate>0x3C0000</DSIRefreshRate>
 <DSICmdSwapInterface>False</DSICmdSwapInterface>
 <DSICmdUsingTrigger>False</DSICmdUsingTrigger>
 <DSIEnableAutoRefresh>True</DSIEnableAutoRefresh>
 <DSIAutoRefreshFrameNumDiv>1</DSIAutoRefreshFrameNumDiv>
 <DSIClockHSForceRequest>1</DSIClockHSForceRequest>
 <DSITECheckEnable>True</DSITECheckEnable>
 <DSITEUsingDedicatedTEPin>True</DSITEUsingDedicatedTEPin>
 <DSITEvSyncStartPos>2560</DSITEvSyncStartPos>
 <DSITEvSyncInitVal>2560</DSITEvSyncInitVal>
 <DSICmdModePixelAlignment>1</DSICmdModePixelAlignment>
 <DSIPacketTransferHS>True</DSIPacketTransferHS>
 <DSIControllerMapping>
  00 01
 </DSIControllerMapping>
</Group>
<DSIInitSequence>
 29 F0 5A 5A
 07 00
 05 11 00
 ff 78
 29 E6 01
 29 FC 5A 5A
 29 B0 35
 29 FE 03
 29 FC A5 A5
 29 35 00
 29 ED 44
 29 2A 00 00 05 9F
 29 2B 00 00 09 FF
 29 BA 00
 29 FC 5A 5A
 29 C5 0D 08 40 19 BA 07 1F 81 25 CE 79 77 73 00 FF 78 8F 00 00
 29 FC A5 A5
 29 CA 01 00 01 00 01 00 80 80 80 80 80 80 80 80 80 80 80 80 80 80 80 80 80 80 80 80 80 80 80 80 00 00 00 00 00
 29 B1 10 03
 29 B0 01
 29 B5 BC 0A
 29 F4 BB 1E
 29 F7 03
 29 F7 00
 29 F0 A5 A5
 29 9F A5 A5
 15 53 20
 05 29 00
 29 9F 5A 5A
 ff 64
</DSIInitSequence>
<DSITermSequence>
 05 28
 05 10
</DSITermSequence>
<TLMMGPIODefaultHigh units='hex list'>34</TLMMGPIODefaultHigh>
<Group id='Backlight Configuration'>
 <BacklightType>3</BacklightType>
</Group>
