<?xml version="1.0" encoding="utf-8"?>
<PanelName>S6E3HA3X01</PanelName>
<PanelDescription>Samsung MG2 Single DSI DSC Command Mode Panel (1080x1920 24bpp)</PanelDescription>
<Group id="Active Timing">
 <HorizontalActive>1080</HorizontalActive>
 <HorizontalFrontPorch>136</HorizontalFrontPorch>
 <HorizontalBackPorch>220</HorizontalBackPorch>
 <HorizontalSyncPulse>44</HorizontalSyncPulse>
 <HorizontalSyncSkew>0</HorizontalSyncSkew>
 <HorizontalLeftBorder>0</HorizontalLeftBorder>
 <HorizontalRightBorder>0</HorizontalRightBorder>
 <VerticalActive>1920</VerticalActive>
 <VerticalFrontPorch>760</VerticalFrontPorch>
 <VerticalBackPorch>124</VerticalBackPorch>
 <VerticalSyncPulse>80</VerticalSyncPulse>
 <VerticalSyncSkew>0</VerticalSyncSkew>
 <VerticalTopBorder>0</VerticalTopBorder>
 <VerticalBottomBorder>0</VerticalBottomBorder>
 <InvertDataPolarity>False</InvertDataPolarity>
 <InvertVsyncPolairty>False</InvertVsyncPolairty>
 <InvertHsyncPolarity>False</InvertHsyncPolarity>
 <BorderColor>0x0</BorderColor>
</Group>
<Group id="Display Interface">
 <InterfaceType>9</InterfaceType>
 <InterfaceColorFormat>3</InterfaceColorFormat>
</Group>
<Group id="DSI Interface">
 <DSIChannelId>2</DSIChannelId>
 <DSIVirtualId>0</DSIVirtualId>
 <DSIColorFormat>36</DSIColorFormat>
 <DSITrafficMode>1</DSITrafficMode>
 <DSILanes>4</DSILanes>
 <DSIRefreshRate>0x3C0000</DSIRefreshRate>
 <DSICmdSwapInterface>False</DSICmdSwapInterface>
 <DSICmdUsingTrigger>False</DSICmdUsingTrigger>
 <DSIEnableAutoRefresh>True</DSIEnableAutoRefresh>
 <DSIAutoRefreshFrameNumDiv>1</DSIAutoRefreshFrameNumDiv>
 <DSITECheckEnable>True</DSITECheckEnable>
 <DSITEUsingDedicatedTEPin>True</DSITEUsingDedicatedTEPin>
 <DSITEvSyncStartPos>2560</DSITEvSyncStartPos>
 <DSITEvSyncInitVal>2560</DSITEvSyncInitVal>
 <DSIDSCEnable>True</DSIDSCEnable>
 <DSIDSCMajor>1</DSIDSCMajor>
 <DSIDSCMinor>1</DSIDSCMinor>
 <DSIDSCScr>0</DSIDSCScr>
 <DSIDSCProfileID>7</DSIDSCProfileID>
 <DSIDSCSliceWidth>540</DSIDSCSliceWidth>
 <DSIDSCSliceHeight>16</DSIDSCSliceHeight>
 <DSITEvSyncStartPos>1920</DSITEvSyncStartPos>
 <DSITEvSyncInitVal>1920</DSITEvSyncInitVal>
 <DSIPacketTransferHS>True</DSIPacketTransferHS>
 <DSIControllerMapping>
  00
 </DSIControllerMapping>
</Group>
<DSIInitSequence>
 29 F0 5A 5A
 07 01
 05 11
 29 E6 01
 29 FC 5A 5A
 29 B0 35
 29 FE 03
 29 FC A5 A5
 FF 78
 29 35 00
 29 ED 44
 29 2A 00 00 04 37
 29 2B 00 00 07 7F
 29 BA 02
 29 FC 5A 5A
 29 C5 0D 08 40 19 BA 07 1F 81 25 CE 79 77 73 00 FF 78 8F 00 00
 29 FC A5 A5
 29 CA 01 00 01 00 01 00 80 80 80 80 80 80 80 80 80 80 80 80 80 80 80 80 80 80 80 80 80 80 80 80 00 00 00 00 00
 29 B1 10 03
 29 B0 01
 29 B5 BC 0A
 29 F4 BB 1E
 29 F7 03
 FF 78
 29 F7 00
 29 F0 A5 A5
 FF 78
 29 9F A5 A5
 15 53 20
 05 29 00
 FF 78
 29 9F 5A 5A
</DSIInitSequence>
<DSITermSequence>
 05 28
 05 10
</DSITermSequence>
<TLMMGPIODefaultHigh>0x34</TLMMGPIODefaultHigh>
<Group id='Backlight Configuration'>
 <BacklightType>3</BacklightType>
</Group>
